[{"model": "auth.permission", "pk": 1, "fields": {"name": "Can add log entry", "content_type": 1, "codename": "add_logentry"}}, {"model": "auth.permission", "pk": 2, "fields": {"name": "Can change log entry", "content_type": 1, "codename": "change_logentry"}}, {"model": "auth.permission", "pk": 3, "fields": {"name": "Can delete log entry", "content_type": 1, "codename": "delete_logentry"}}, {"model": "auth.permission", "pk": 4, "fields": {"name": "Can view log entry", "content_type": 1, "codename": "view_logentry"}}, {"model": "auth.permission", "pk": 5, "fields": {"name": "Can add permission", "content_type": 2, "codename": "add_permission"}}, {"model": "auth.permission", "pk": 6, "fields": {"name": "Can change permission", "content_type": 2, "codename": "change_permission"}}, {"model": "auth.permission", "pk": 7, "fields": {"name": "Can delete permission", "content_type": 2, "codename": "delete_permission"}}, {"model": "auth.permission", "pk": 8, "fields": {"name": "Can view permission", "content_type": 2, "codename": "view_permission"}}, {"model": "auth.permission", "pk": 9, "fields": {"name": "Can add group", "content_type": 3, "codename": "add_group"}}, {"model": "auth.permission", "pk": 10, "fields": {"name": "Can change group", "content_type": 3, "codename": "change_group"}}, {"model": "auth.permission", "pk": 11, "fields": {"name": "Can delete group", "content_type": 3, "codename": "delete_group"}}, {"model": "auth.permission", "pk": 12, "fields": {"name": "Can view group", "content_type": 3, "codename": "view_group"}}, {"model": "auth.permission", "pk": 13, "fields": {"name": "Can add user", "content_type": 4, "codename": "add_user"}}, {"model": "auth.permission", "pk": 14, "fields": {"name": "Can change user", "content_type": 4, "codename": "change_user"}}, {"model": "auth.permission", "pk": 15, "fields": {"name": "Can delete user", "content_type": 4, "codename": "delete_user"}}, {"model": "auth.permission", "pk": 16, "fields": {"name": "Can view user", "content_type": 4, "codename": "view_user"}}, {"model": "auth.permission", "pk": 17, "fields": {"name": "Can add content type", "content_type": 5, "codename": "add_contenttype"}}, {"model": "auth.permission", "pk": 18, "fields": {"name": "Can change content type", "content_type": 5, "codename": "change_contenttype"}}, {"model": "auth.permission", "pk": 19, "fields": {"name": "Can delete content type", "content_type": 5, "codename": "delete_contenttype"}}, {"model": "auth.permission", "pk": 20, "fields": {"name": "Can view content type", "content_type": 5, "codename": "view_contenttype"}}, {"model": "auth.permission", "pk": 21, "fields": {"name": "Can add session", "content_type": 6, "codename": "add_session"}}, {"model": "auth.permission", "pk": 22, "fields": {"name": "Can change session", "content_type": 6, "codename": "change_session"}}, {"model": "auth.permission", "pk": 23, "fields": {"name": "Can delete session", "content_type": 6, "codename": "delete_session"}}, {"model": "auth.permission", "pk": 24, "fields": {"name": "Can view session", "content_type": 6, "codename": "view_session"}}, {"model": "auth.permission", "pk": 25, "fields": {"name": "Can add alcohol", "content_type": 7, "codename": "add_alcohol"}}, {"model": "auth.permission", "pk": 26, "fields": {"name": "Can change alcohol", "content_type": 7, "codename": "change_alcohol"}}, {"model": "auth.permission", "pk": 27, "fields": {"name": "Can delete alcohol", "content_type": 7, "codename": "delete_alcohol"}}, {"model": "auth.permission", "pk": 28, "fields": {"name": "Can view alcohol", "content_type": 7, "codename": "view_alcohol"}}, {"model": "auth.permission", "pk": 29, "fields": {"name": "Can add children", "content_type": 8, "codename": "add_children"}}, {"model": "auth.permission", "pk": 30, "fields": {"name": "Can change children", "content_type": 8, "codename": "change_children"}}, {"model": "auth.permission", "pk": 31, "fields": {"name": "Can delete children", "content_type": 8, "codename": "delete_children"}}, {"model": "auth.permission", "pk": 32, "fields": {"name": "Can view children", "content_type": 8, "codename": "view_children"}}, {"model": "auth.permission", "pk": 33, "fields": {"name": "Can add crime", "content_type": 9, "codename": "add_crime"}}, {"model": "auth.permission", "pk": 34, "fields": {"name": "Can change crime", "content_type": 9, "codename": "change_crime"}}, {"model": "auth.permission", "pk": 35, "fields": {"name": "Can delete crime", "content_type": 9, "codename": "delete_crime"}}, {"model": "auth.permission", "pk": 36, "fields": {"name": "Can view crime", "content_type": 9, "codename": "view_crime"}}, {"model": "auth.permission", "pk": 37, "fields": {"name": "Can add fire_damage", "content_type": 10, "codename": "add_fire_damage"}}, {"model": "auth.permission", "pk": 38, "fields": {"name": "Can change fire_damage", "content_type": 10, "codename": "change_fire_damage"}}, {"model": "auth.permission", "pk": 39, "fields": {"name": "Can delete fire_damage", "content_type": 10, "codename": "delete_fire_damage"}}, {"model": "auth.permission", "pk": 40, "fields": {"name": "Can view fire_damage", "content_type": 10, "codename": "view_fire_damage"}}, {"model": "auth.permission", "pk": 41, "fields": {"name": "Can add flood", "content_type": 11, "codename": "add_flood"}}, {"model": "auth.permission", "pk": 42, "fields": {"name": "Can change flood", "content_type": 11, "codename": "change_flood"}}, {"model": "auth.permission", "pk": 43, "fields": {"name": "Can delete flood", "content_type": 11, "codename": "delete_flood"}}, {"model": "auth.permission", "pk": 44, "fields": {"name": "Can view flood", "content_type": 11, "codename": "view_flood"}}, {"model": "auth.permission", "pk": 45, "fields": {"name": "Can add house", "content_type": 12, "codename": "add_house"}}, {"model": "auth.permission", "pk": 46, "fields": {"name": "Can change house", "content_type": 12, "codename": "change_house"}}, {"model": "auth.permission", "pk": 47, "fields": {"name": "Can delete house", "content_type": 12, "codename": "delete_house"}}, {"model": "auth.permission", "pk": 48, "fields": {"name": "Can view house", "content_type": 12, "codename": "view_house"}}, {"model": "auth.permission", "pk": 49, "fields": {"name": "Can add population", "content_type": 13, "codename": "add_population"}}, {"model": "auth.permission", "pk": 50, "fields": {"name": "Can change population", "content_type": 13, "codename": "change_population"}}, {"model": "auth.permission", "pk": 51, "fields": {"name": "Can delete population", "content_type": 13, "codename": "delete_population"}}, {"model": "auth.permission", "pk": 52, "fields": {"name": "Can view population", "content_type": 13, "codename": "view_population"}}, {"model": "auth.permission", "pk": 53, "fields": {"name": "Can add total", "content_type": 14, "codename": "add_total"}}, {"model": "auth.permission", "pk": 54, "fields": {"name": "Can change total", "content_type": 14, "codename": "change_total"}}, {"model": "auth.permission", "pk": 55, "fields": {"name": "Can delete total", "content_type": 14, "codename": "delete_total"}}, {"model": "auth.permission", "pk": 56, "fields": {"name": "Can view total", "content_type": 14, "codename": "view_total"}}, {"model": "auth.permission", "pk": 57, "fields": {"name": "Can add total_rate", "content_type": 15, "codename": "add_total_rate"}}, {"model": "auth.permission", "pk": 58, "fields": {"name": "Can change total_rate", "content_type": 15, "codename": "change_total_rate"}}, {"model": "auth.permission", "pk": 59, "fields": {"name": "Can delete total_rate", "content_type": 15, "codename": "delete_total_rate"}}, {"model": "auth.permission", "pk": 60, "fields": {"name": "Can view total_rate", "content_type": 15, "codename": "view_total_rate"}}, {"model": "auth.permission", "pk": 61, "fields": {"name": "Can add svgd", "content_type": 16, "codename": "add_svgd"}}, {"model": "auth.permission", "pk": 62, "fields": {"name": "Can change svgd", "content_type": 16, "codename": "change_svgd"}}, {"model": "auth.permission", "pk": 63, "fields": {"name": "Can delete svgd", "content_type": 16, "codename": "delete_svgd"}}, {"model": "auth.permission", "pk": 64, "fields": {"name": "Can view svgd", "content_type": 16, "codename": "view_svgd"}}, {"model": "auth.permission", "pk": 65, "fields": {"name": "Can add auth token", "content_type": 17, "codename": "add_authtoken"}}, {"model": "auth.permission", "pk": 66, "fields": {"name": "Can change auth token", "content_type": 17, "codename": "change_authtoken"}}, {"model": "auth.permission", "pk": 67, "fields": {"name": "Can delete auth token", "content_type": 17, "codename": "delete_authtoken"}}, {"model": "auth.permission", "pk": 68, "fields": {"name": "Can view auth token", "content_type": 17, "codename": "view_authtoken"}}, {"model": "auth.permission", "pk": 69, "fields": {"name": "Can add news data", "content_type": 18, "codename": "add_newsdata"}}, {"model": "auth.permission", "pk": 70, "fields": {"name": "Can change news data", "content_type": 18, "codename": "change_newsdata"}}, {"model": "auth.permission", "pk": 71, "fields": {"name": "Can delete news data", "content_type": 18, "codename": "delete_newsdata"}}, {"model": "auth.permission", "pk": 72, "fields": {"name": "Can view news data", "content_type": 18, "codename": "view_newsdata"}}, {"model": "auth.permission", "pk": 73, "fields": {"name": "Can add area", "content_type": 19, "codename": "add_area"}}, {"model": "auth.permission", "pk": 74, "fields": {"name": "Can change area", "content_type": 19, "codename": "change_area"}}, {"model": "auth.permission", "pk": 75, "fields": {"name": "Can delete area", "content_type": 19, "codename": "delete_area"}}, {"model": "auth.permission", "pk": 76, "fields": {"name": "Can view area", "content_type": 19, "codename": "view_area"}}, {"model": "auth.permission", "pk": 77, "fields": {"name": "Can add news data", "content_type": 20, "codename": "add_newsdata"}}, {"model": "auth.permission", "pk": 78, "fields": {"name": "Can change news data", "content_type": 20, "codename": "change_newsdata"}}, {"model": "auth.permission", "pk": 79, "fields": {"name": "Can delete news data", "content_type": 20, "codename": "delete_newsdata"}}, {"model": "auth.permission", "pk": 80, "fields": {"name": "Can view news data", "content_type": 20, "codename": "view_newsdata"}}, {"model": "auth.user", "pk": 1, "fields": {"password": "pbkdf2_sha256$216000$ByyhZ7Son9oj$V3ZUAdLkGfGGF4sEKPVrIRKpLTBz6LCAvAJUUJ6lyko=", "last_login": "2020-08-27T13:26:59.252Z", "is_superuser": true, "username": "zzid", "first_name": "", "last_name": "", "email": "zzid@gmail.com", "is_staff": true, "is_active": true, "date_joined": "2020-08-24T08:07:08.836Z", "groups": [], "user_permissions": []}}, {"model": "contenttypes.contenttype", "pk": 1, "fields": {"app_label": "admin", "model": "logentry"}}, {"model": "contenttypes.contenttype", "pk": 2, "fields": {"app_label": "auth", "model": "permission"}}, {"model": "contenttypes.contenttype", "pk": 3, "fields": {"app_label": "auth", "model": "group"}}, {"model": "contenttypes.contenttype", "pk": 4, "fields": {"app_label": "auth", "model": "user"}}, {"model": "contenttypes.contenttype", "pk": 5, "fields": {"app_label": "contenttypes", "model": "contenttype"}}, {"model": "contenttypes.contenttype", "pk": 6, "fields": {"app_label": "sessions", "model": "session"}}, {"model": "contenttypes.contenttype", "pk": 7, "fields": {"app_label": "safehome", "model": "alcohol"}}, {"model": "contenttypes.contenttype", "pk": 8, "fields": {"app_label": "safehome", "model": "children"}}, {"model": "contenttypes.contenttype", "pk": 9, "fields": {"app_label": "safehome", "model": "crime"}}, {"model": "contenttypes.contenttype", "pk": 10, "fields": {"app_label": "safehome", "model": "fire_damage"}}, {"model": "contenttypes.contenttype", "pk": 11, "fields": {"app_label": "safehome", "model": "flood"}}, {"model": "contenttypes.contenttype", "pk": 12, "fields": {"app_label": "safehome", "model": "house"}}, {"model": "contenttypes.contenttype", "pk": 13, "fields": {"app_label": "safehome", "model": "population"}}, {"model": "contenttypes.contenttype", "pk": 14, "fields": {"app_label": "safehome", "model": "total"}}, {"model": "contenttypes.contenttype", "pk": 15, "fields": {"app_label": "safehome", "model": "total_rate"}}, {"model": "contenttypes.contenttype", "pk": 16, "fields": {"app_label": "safehome", "model": "svgd"}}, {"model": "contenttypes.contenttype", "pk": 17, "fields": {"app_label": "knox", "model": "authtoken"}}, {"model": "contenttypes.contenttype", "pk": 18, "fields": {"app_label": "safehome", "model": "newsdata"}}, {"model": "contenttypes.contenttype", "pk": 19, "fields": {"app_label": "safehome", "model": "area"}}, {"model": "contenttypes.contenttype", "pk": 20, "fields": {"app_label": "newscrawl", "model": "newsdata"}}, {"model": "sessions.session", "pk": "38c4jgw8xidvhy595p6sn2s6tpx62qo2", "fields": {"session_data": ".eJxVjEEOwiAQRe_C2hAGgYJL956BzHSmUjU0Ke3KeHfbpAvdvvf-f6uM61Ly2mTOI6uLAnX6ZYT9U-ou-IH1Pul-qss8kt4TfdimbxPL63q0fwcFW9nWkiIgQKJBJNkQeEjOdB43nixINF7YBCvBmATeUmQOfBZy1FnrDKrPF9mUN3o:1kA7VY:h6skjHz6hNNPUbV5kh7T4gCBRR5EEpItFu18h0DBBzQ", "expire_date": "2020-09-07T08:07:12.363Z"}}, {"model": "sessions.session", "pk": "4zhzl55k0y04vep4s9eq9kv8vmu5tmf4", "fields": {"session_data": ".eJxVjEEOwiAQRe_C2hAGgYJL956BzHSmUjU0Ke3KeHfbpAvdvvf-f6uM61Ly2mTOI6uLAnX6ZYT9U-ou-IH1Pul-qss8kt4TfdimbxPL63q0fwcFW9nWkiIgQKJBJNkQeEjOdB43nixINF7YBCvBmATeUmQOfBZy1FnrDKrPF9mUN3o:1kAWvc:zpRjgaby8pWQaX5xjFRwofMFapoHyYdyDl8OFxFHVl4", "expire_date": "2020-09-08T11:15:48.572Z"}}, {"model": "sessions.session", "pk": "9mgwmnusfglded7j9wekcx6jkqm2okdt", "fields": {"session_data": ".eJxVjEEOwiAQRe_C2hAGgYJL956BzHSmUjU0Ke3KeHfbpAvdvvf-f6uM61Ly2mTOI6uLAnX6ZYT9U-ou-IH1Pul-qss8kt4TfdimbxPL63q0fwcFW9nWkiIgQKJBJNkQeEjOdB43nixINF7YBCvBmATeUmQOfBZy1FnrDKrPF9mUN3o:1kBHvf:ZzDL0DsGKwQjHa-9UrkkpouMz1KOZJgAiPFom5DYNrw", "expire_date": "2020-09-10T13:26:59.255Z"}}, {"model": "safehome.area", "pk": "KR11110", "fields": {"areas": "종로구"}}, {"model": "safehome.area", "pk": "KR11140", "fields": {"areas": "중구"}}, {"model": "safehome.area", "pk": "KR11170", "fields": {"areas": "용산구"}}, {"model": "safehome.area", "pk": "KR11200", "fields": {"areas": "성동구"}}, {"model": "safehome.area", "pk": "KR11215", "fields": {"areas": "광진구"}}, {"model": "safehome.area", "pk": "KR11230", "fields": {"areas": "동대문구"}}, {"model": "safehome.area", "pk": "KR11260", "fields": {"areas": "중랑구"}}, {"model": "safehome.area", "pk": "KR11290", "fields": {"areas": "성북구"}}, {"model": "safehome.area", "pk": "KR11305", "fields": {"areas": "강북구"}}, {"model": "safehome.area", "pk": "KR11320", "fields": {"areas": "도봉구"}}, {"model": "safehome.area", "pk": "KR11350", "fields": {"areas": "노원구"}}, {"model": "safehome.area", "pk": "KR11380", "fields": {"areas": "은평구"}}, {"model": "safehome.area", "pk": "KR11410", "fields": {"areas": "서대문구"}}, {"model": "safehome.area", "pk": "KR11440", "fields": {"areas": "마포구"}}, {"model": "safehome.area", "pk": "KR11470", "fields": {"areas": "양천구"}}, {"model": "safehome.area", "pk": "KR11500", "fields": {"areas": "강서구"}}, {"model": "safehome.area", "pk": "KR11530", "fields": {"areas": "구로구"}}, {"model": "safehome.area", "pk": "KR11545", "fields": {"areas": "금천구"}}, {"model": "safehome.area", "pk": "KR11560", "fields": {"areas": "영등포구"}}, {"model": "safehome.area", "pk": "KR11590", "fields": {"areas": "동작구"}}, {"model": "safehome.area", "pk": "KR11620", "fields": {"areas": "관악구"}}, {"model": "safehome.area", "pk": "KR11650", "fields": {"areas": "서초구"}}, {"model": "safehome.area", "pk": "KR11680", "fields": {"areas": "강남구"}}, {"model": "safehome.area", "pk": "KR11710", "fields": {"areas": "송파구"}}, {"model": "safehome.area", "pk": "KR11740", "fields": {"areas": "강동구"}}, {"model": "safehome.alcohol", "pk": 1, "fields": {"areas": "KR11110", "accident_num": 48, "dead_num": 0, "casual_num": 78, "acc_rate": 2.19, "casual_rate": 2.11}}, {"model": "safehome.alcohol", "pk": 2, "fields": {"areas": "KR11140", "accident_num": 30, "dead_num": 0, "casual_num": 42, "acc_rate": 1.37, "casual_rate": 1.14}}, {"model": "safehome.alcohol", "pk": 3, "fields": {"areas": "KR11170", "accident_num": 73, "dead_num": 1, "casual_num": 127, "acc_rate": 3.33, "casual_rate": 3.44}}, {"model": "safehome.alcohol", "pk": 4, "fields": {"areas": "KR11200", "accident_num": 61, "dead_num": 0, "casual_num": 92, "acc_rate": 2.79, "casual_rate": 2.49}}, {"model": "safehome.alcohol", "pk": 5, "fields": {"areas": "KR11215", "accident_num": 62, "dead_num": 1, "casual_num": 100, "acc_rate": 2.83, "casual_rate": 2.71}}, {"model": "safehome.alcohol", "pk": 6, "fields": {"areas": "KR11230", "accident_num": 63, "dead_num": 0, "casual_num": 86, "acc_rate": 2.88, "casual_rate": 2.33}}, {"model": "safehome.alcohol", "pk": 7, "fields": {"areas": "KR11260", "accident_num": 74, "dead_num": 0, "casual_num": 102, "acc_rate": 3.38, "casual_rate": 2.76}}, {"model": "safehome.alcohol", "pk": 8, "fields": {"areas": "KR11290", "accident_num": 62, "dead_num": 1, "casual_num": 106, "acc_rate": 2.83, "casual_rate": 2.87}}, {"model": "safehome.alcohol", "pk": 9, "fields": {"areas": "KR11305", "accident_num": 60, "dead_num": 1, "casual_num": 102, "acc_rate": 2.74, "casual_rate": 2.76}}, {"model": "safehome.alcohol", "pk": 10, "fields": {"areas": "KR11320", "accident_num": 35, "dead_num": 1, "casual_num": 52, "acc_rate": 1.6, "casual_rate": 1.41}}, {"model": "safehome.alcohol", "pk": 11, "fields": {"areas": "KR11350", "accident_num": 93, "dead_num": 0, "casual_num": 147, "acc_rate": 4.25, "casual_rate": 3.98}}, {"model": "safehome.alcohol", "pk": 12, "fields": {"areas": "KR11380", "accident_num": 77, "dead_num": 0, "casual_num": 126, "acc_rate": 3.52, "casual_rate": 3.41}}, {"model": "safehome.alcohol", "pk": 13, "fields": {"areas": "KR11410", "accident_num": 35, "dead_num": 0, "casual_num": 59, "acc_rate": 1.6, "casual_rate": 1.6}}, {"model": "safehome.alcohol", "pk": 14, "fields": {"areas": "KR11440", "accident_num": 118, "dead_num": 0, "casual_num": 211, "acc_rate": 5.39, "casual_rate": 5.72}}, {"model": "safehome.alcohol", "pk": 15, "fields": {"areas": "KR11470", "accident_num": 64, "dead_num": 1, "casual_num": 121, "acc_rate": 2.92, "casual_rate": 3.28}}, {"model": "safehome.alcohol", "pk": 16, "fields": {"areas": "KR11500", "accident_num": 110, "dead_num": 0, "casual_num": 166, "acc_rate": 5.02, "casual_rate": 4.5}}, {"model": "safehome.alcohol", "pk": 17, "fields": {"areas": "KR11530", "accident_num": 103, "dead_num": 1, "casual_num": 177, "acc_rate": 4.7, "casual_rate": 4.8}}, {"model": "safehome.alcohol", "pk": 18, "fields": {"areas": "KR11545", "accident_num": 76, "dead_num": 2, "casual_num": 117, "acc_rate": 3.47, "casual_rate": 3.17}}, {"model": "safehome.alcohol", "pk": 19, "fields": {"areas": "KR11560", "accident_num": 114, "dead_num": 1, "casual_num": 212, "acc_rate": 5.21, "casual_rate": 5.75}}, {"model": "safehome.alcohol", "pk": 20, "fields": {"areas": "KR11590", "accident_num": 67, "dead_num": 0, "casual_num": 144, "acc_rate": 3.06, "casual_rate": 3.9}}, {"model": "safehome.alcohol", "pk": 21, "fields": {"areas": "KR11620", "accident_num": 95, "dead_num": 0, "casual_num": 149, "acc_rate": 4.34, "casual_rate": 4.04}}, {"model": "safehome.alcohol", "pk": 22, "fields": {"areas": "KR11650", "accident_num": 152, "dead_num": 2, "casual_num": 248, "acc_rate": 6.94, "casual_rate": 6.72}}, {"model": "safehome.alcohol", "pk": 23, "fields": {"areas": "KR11680", "accident_num": 293, "dead_num": 1, "casual_num": 523, "acc_rate": 13.38, "casual_rate": 14.17}}, {"model": "safehome.alcohol", "pk": 24, "fields": {"areas": "KR11710", "accident_num": 161, "dead_num": 0, "casual_num": 295, "acc_rate": 7.35, "casual_rate": 7.99}}, {"model": "safehome.alcohol", "pk": 25, "fields": {"areas": "KR11740", "accident_num": 64, "dead_num": 0, "casual_num": 108, "acc_rate": 2.92, "casual_rate": 2.93}}, {"model": "safehome.children", "pk": 1, "fields": {"areas": "KR11110", "accident_num": 20, "accident_rate": 1.37, "safe_num": 0, "safe_rate": 0}}, {"model": "safehome.children", "pk": 2, "fields": {"areas": "KR11140", "accident_num": 24, "accident_rate": 1.64, "safe_num": 0, "safe_rate": 0}}, {"model": "safehome.children", "pk": 3, "fields": {"areas": "KR11170", "accident_num": 27, "accident_rate": 1.84, "safe_num": 2, "safe_rate": 1.75}}, {"model": "safehome.children", "pk": 4, "fields": {"areas": "KR11200", "accident_num": 45, "accident_rate": 3.07, "safe_num": 1, "safe_rate": 0.88}}, {"model": "safehome.children", "pk": 5, "fields": {"areas": "KR11215", "accident_num": 45, "accident_rate": 3.07, "safe_num": 6, "safe_rate": 5.26}}, {"model": "safehome.children", "pk": 6, "fields": {"areas": "KR11230", "accident_num": 41, "accident_rate": 2.8, "safe_num": 3, "safe_rate": 2.63}}, {"model": "safehome.children", "pk": 7, "fields": {"areas": "KR11260", "accident_num": 65, "accident_rate": 4.44, "safe_num": 3, "safe_rate": 2.63}}, {"model": "safehome.children", "pk": 8, "fields": {"areas": "KR11290", "accident_num": 59, "accident_rate": 4.03, "safe_num": 8, "safe_rate": 7.02}}, {"model": "safehome.children", "pk": 9, "fields": {"areas": "KR11305", "accident_num": 59, "accident_rate": 4.03, "safe_num": 5, "safe_rate": 4.39}}, {"model": "safehome.children", "pk": 10, "fields": {"areas": "KR11320", "accident_num": 42, "accident_rate": 2.87, "safe_num": 8, "safe_rate": 7.02}}, {"model": "safehome.children", "pk": 11, "fields": {"areas": "KR11350", "accident_num": 74, "accident_rate": 5.05, "safe_num": 6, "safe_rate": 5.26}}, {"model": "safehome.children", "pk": 12, "fields": {"areas": "KR11380", "accident_num": 55, "accident_rate": 3.75, "safe_num": 6, "safe_rate": 5.26}}, {"model": "safehome.children", "pk": 13, "fields": {"areas": "KR11410", "accident_num": 43, "accident_rate": 2.94, "safe_num": 0, "safe_rate": 0}}, {"model": "safehome.children", "pk": 14, "fields": {"areas": "KR11440", "accident_num": 45, "accident_rate": 3.07, "safe_num": 2, "safe_rate": 1.75}}, {"model": "safehome.children", "pk": 15, "fields": {"areas": "KR11470", "accident_num": 81, "accident_rate": 5.53, "safe_num": 8, "safe_rate": 7.02}}, {"model": "safehome.children", "pk": 16, "fields": {"areas": "KR11500", "accident_num": 90, "accident_rate": 6.14, "safe_num": 16, "safe_rate": 14.04}}, {"model": "safehome.children", "pk": 17, "fields": {"areas": "KR11530", "accident_num": 81, "accident_rate": 5.53, "safe_num": 13, "safe_rate": 11.4}}, {"model": "safehome.children", "pk": 18, "fields": {"areas": "KR11545", "accident_num": 30, "accident_rate": 2.05, "safe_num": 1, "safe_rate": 0.88}}, {"model": "safehome.children", "pk": 19, "fields": {"areas": "KR11560", "accident_num": 74, "accident_rate": 5.05, "safe_num": 2, "safe_rate": 1.75}}, {"model": "safehome.children", "pk": 20, "fields": {"areas": "KR11590", "accident_num": 57, "accident_rate": 3.89, "safe_num": 4, "safe_rate": 3.51}}, {"model": "safehome.children", "pk": 21, "fields": {"areas": "KR11620", "accident_num": 37, "accident_rate": 2.53, "safe_num": 3, "safe_rate": 2.63}}, {"model": "safehome.children", "pk": 22, "fields": {"areas": "KR11650", "accident_num": 69, "accident_rate": 4.71, "safe_num": 3, "safe_rate": 2.63}}, {"model": "safehome.children", "pk": 23, "fields": {"areas": "KR11680", "accident_num": 107, "accident_rate": 7.3, "safe_num": 6, "safe_rate": 5.26}}, {"model": "safehome.children", "pk": 24, "fields": {"areas": "KR11710", "accident_num": 136, "accident_rate": 9.28, "safe_num": 4, "safe_rate": 3.51}}, {"model": "safehome.children", "pk": 25, "fields": {"areas": "KR11740", "accident_num": 69, "accident_rate": 4.71, "safe_num": 4, "safe_rate": 3.51}}, {"model": "safehome.crime", "pk": 1, "fields": {"areas": "KR11680", "murder": 48, "robber": 131, "rape": 2684, "theft": 17466, "violence": 20521, "total": 40850, "arr_total": 27416, "arrest": 67.1}}, {"model": "safehome.crime", "pk": 2, "fields": {"areas": "KR11740", "murder": 21, "robber": 47, "rape": 806, "theft": 9705, "violence": 12699, "total": 23278, "arr_total": 15763, "arrest": 67.7}}, {"model": "safehome.crime", "pk": 3, "fields": {"areas": "KR11305", "murder": 36, "robber": 54, "rape": 955, "theft": 6276, "violence": 12025, "total": 19346, "arr_total": 14809, "arrest": 76.5}}, {"model": "safehome.crime", "pk": 4, "fields": {"areas": "KR11500", "murder": 46, "robber": 42, "rape": 1336, "theft": 10001, "violence": 14663, "total": 26088, "arr_total": 18908, "arrest": 72.5}}, {"model": "safehome.crime", "pk": 5, "fields": {"areas": "KR11620", "murder": 39, "robber": 66, "rape": 1734, "theft": 11829, "violence": 15687, "total": 29355, "arr_total": 19145, "arrest": 65.2}}, {"model": "safehome.crime", "pk": 6, "fields": {"areas": "KR11215", "murder": 29, "robber": 56, "rape": 1258, "theft": 12818, "violence": 11899, "total": 26060, "arr_total": 16628, "arrest": 63.8}}, {"model": "safehome.crime", "pk": 7, "fields": {"areas": "KR11530", "murder": 35, "robber": 56, "rape": 1384, "theft": 10064, "violence": 14567, "total": 26106, "arr_total": 16977, "arrest": 65}}, {"model": "safehome.crime", "pk": 8, "fields": {"areas": "KR11545", "murder": 27, "robber": 34, "rape": 928, "theft": 6692, "violence": 10145, "total": 17826, "arr_total": 13125, "arrest": 73.6}}, {"model": "safehome.crime", "pk": 9, "fields": {"areas": "KR11350", "murder": 29, "robber": 35, "rape": 903, "theft": 9414, "violence": 12820, "total": 23201, "arr_total": 15361, "arrest": 66.2}}, {"model": "safehome.crime", "pk": 10, "fields": {"areas": "KR11320", "murder": 14, "robber": 33, "rape": 614, "theft": 4693, "violence": 7120, "total": 12474, "arr_total": 9144, "arrest": 73.3}}, {"model": "safehome.crime", "pk": 11, "fields": {"areas": "KR11230", "murder": 35, "robber": 44, "rape": 814, "theft": 8724, "violence": 11908, "total": 21525, "arr_total": 15952, "arrest": 74.1}}, {"model": "safehome.crime", "pk": 12, "fields": {"areas": "KR11590", "murder": 19, "robber": 39, "rape": 1497, "theft": 7255, "violence": 8790, "total": 17600, "arr_total": 11201, "arrest": 63.6}}, {"model": "safehome.crime", "pk": 13, "fields": {"areas": "KR11440", "murder": 25, "robber": 54, "rape": 1931, "theft": 11950, "violence": 13957, "total": 27917, "arr_total": 17572, "arrest": 62.9}}, {"model": "safehome.crime", "pk": 14, "fields": {"areas": "KR11410", "murder": 20, "robber": 18, "rape": 922, "theft": 7490, "violence": 9353, "total": 17803, "arr_total": 12036, "arrest": 67.6}}, {"model": "safehome.crime", "pk": 15, "fields": {"areas": "KR11650", "murder": 33, "robber": 54, "rape": 2046, "theft": 11250, "violence": 12042, "total": 25425, "arr_total": 16414, "arrest": 64.6}}, {"model": "safehome.crime", "pk": 16, "fields": {"areas": "KR11200", "murder": 12, "robber": 25, "rape": 629, "theft": 6727, "violence": 7797, "total": 15190, "arr_total": 10381, "arrest": 68.3}}, {"model": "safehome.crime", "pk": 17, "fields": {"areas": "KR11290", "murder": 31, "robber": 38, "rape": 825, "theft": 7893, "violence": 10193, "total": 18980, "arr_total": 13185, "arrest": 69.5}}, {"model": "safehome.crime", "pk": 18, "fields": {"areas": "KR11710", "murder": 40, "robber": 44, "rape": 1306, "theft": 14607, "violence": 16258, "total": 32255, "arr_total": 20076, "arrest": 62.2}}, {"model": "safehome.crime", "pk": 19, "fields": {"areas": "KR11470", "murder": 18, "robber": 31, "rape": 638, "theft": 8641, "violence": 11351, "total": 20679, "arr_total": 13381, "arrest": 64.7}}, {"model": "safehome.crime", "pk": 20, "fields": {"areas": "KR11560", "murder": 73, "robber": 64, "rape": 1747, "theft": 12981, "violence": 17136, "total": 32001, "arr_total": 20359, "arrest": 63.6}}, {"model": "safehome.crime", "pk": 21, "fields": {"areas": "KR11170", "murder": 12, "robber": 38, "rape": 1316, "theft": 7048, "violence": 10813, "total": 19227, "arr_total": 13137, "arrest": 68.3}}, {"model": "safehome.crime", "pk": 22, "fields": {"areas": "KR11380", "murder": 28, "robber": 47, "rape": 928, "theft": 8597, "violence": 12550, "total": 22150, "arr_total": 15915, "arrest": 71.9}}, {"model": "safehome.crime", "pk": 23, "fields": {"areas": "KR11110", "murder": 28, "robber": 48, "rape": 1164, "theft": 9523, "violence": 11169, "total": 21932, "arr_total": 21688, "arrest": 98.9}}, {"model": "safehome.crime", "pk": 24, "fields": {"areas": "KR11140", "murder": 15, "robber": 50, "rape": 1063, "theft": 10975, "violence": 10880, "total": 22983, "arr_total": 14728, "arrest": 64.1}}, {"model": "safehome.crime", "pk": 25, "fields": {"areas": "KR11260", "murder": 41, "robber": 45, "rape": 860, "theft": 9275, "violence": 14225, "total": 24446, "arr_total": 17213, "arrest": 70.4}}, {"model": "safehome.fire_damage", "pk": 1, "fields": {"areas": "KR11680", "fire_damage": 2645324}}, {"model": "safehome.fire_damage", "pk": 2, "fields": {"areas": "KR11650", "fire_damage": 1368008}}, {"model": "safehome.fire_damage", "pk": 3, "fields": {"areas": "KR11560", "fire_damage": 801965}}, {"model": "safehome.fire_damage", "pk": 4, "fields": {"areas": "KR11620", "fire_damage": 721101}}, {"model": "safehome.fire_damage", "pk": 5, "fields": {"areas": "KR11320", "fire_damage": 644091}}, {"model": "safehome.fire_damage", "pk": 6, "fields": {"areas": "KR11305", "fire_damage": 593257}}, {"model": "safehome.fire_damage", "pk": 7, "fields": {"areas": "KR11215", "fire_damage": 584151}}, {"model": "safehome.fire_damage", "pk": 8, "fields": {"areas": "KR11140", "fire_damage": 570265}}, {"model": "safehome.fire_damage", "pk": 9, "fields": {"areas": "KR11110", "fire_damage": 566923}}, {"model": "safehome.fire_damage", "pk": 10, "fields": {"areas": "KR11710", "fire_damage": 563905}}, {"model": "safehome.fire_damage", "pk": 11, "fields": {"areas": "KR11545", "fire_damage": 542211}}, {"model": "safehome.fire_damage", "pk": 12, "fields": {"areas": "KR11230", "fire_damage": 486322}}, {"model": "safehome.fire_damage", "pk": 13, "fields": {"areas": "KR11290", "fire_damage": 463343}}, {"model": "safehome.fire_damage", "pk": 14, "fields": {"areas": "KR11350", "fire_damage": 436980}}, {"model": "safehome.fire_damage", "pk": 15, "fields": {"areas": "KR11380", "fire_damage": 404665}}, {"model": "safehome.fire_damage", "pk": 16, "fields": {"areas": "KR11500", "fire_damage": 404432}}, {"model": "safehome.fire_damage", "pk": 17, "fields": {"areas": "KR11170", "fire_damage": 402794}}, {"model": "safehome.fire_damage", "pk": 18, "fields": {"areas": "KR11200", "fire_damage": 399265}}, {"model": "safehome.fire_damage", "pk": 19, "fields": {"areas": "KR11260", "fire_damage": 345185}}, {"model": "safehome.fire_damage", "pk": 20, "fields": {"areas": "KR11740", "fire_damage": 329917}}, {"model": "safehome.fire_damage", "pk": 21, "fields": {"areas": "KR11440", "fire_damage": 310170}}, {"model": "safehome.fire_damage", "pk": 22, "fields": {"areas": "KR11530", "fire_damage": 233909}}, {"model": "safehome.fire_damage", "pk": 23, "fields": {"areas": "KR11470", "fire_damage": 197790}}, {"model": "safehome.fire_damage", "pk": 24, "fields": {"areas": "KR11410", "fire_damage": 186457}}, {"model": "safehome.fire_damage", "pk": 25, "fields": {"areas": "KR11590", "fire_damage": 134842}}, {"model": "safehome.flood", "pk": 1, "fields": {"areas": "KR11650", "people": 1007, "houses": 335, "buildings": 229471, "public": 2039627, "total_cost": 2269098}}, {"model": "safehome.flood", "pk": 2, "fields": {"areas": "KR11620", "people": 1114, "houses": 547, "buildings": 328400, "public": 331966, "total_cost": 660366}}, {"model": "safehome.flood", "pk": 3, "fields": {"areas": "KR11470", "people": 895, "houses": 392, "buildings": 239067, "public": 339729, "total_cost": 578796}}, {"model": "safehome.flood", "pk": 4, "fields": {"areas": "KR11710", "people": 306, "houses": 132, "buildings": 79467, "public": 293472, "total_cost": 372938}}, {"model": "safehome.flood", "pk": 5, "fields": {"areas": "KR11410", "people": 108, "houses": 66, "buildings": 41967, "public": 237227, "total_cost": 279193}}, {"model": "safehome.flood", "pk": 6, "fields": {"areas": "KR11680", "people": 467, "houses": 234, "buildings": 149133, "public": 95771, "total_cost": 244905}}, {"model": "safehome.flood", "pk": 7, "fields": {"areas": "KR11500", "people": 770, "houses": 349, "buildings": 211600, "public": 20939, "total_cost": 232540}}, {"model": "safehome.flood", "pk": 8, "fields": {"areas": "KR11590", "people": 620, "houses": 307, "buildings": 186067, "public": 22222, "total_cost": 208289}}, {"model": "safehome.flood", "pk": 9, "fields": {"areas": "KR11170", "people": 65, "houses": 30, "buildings": 19600, "public": 180251, "total_cost": 199851}}, {"model": "safehome.flood", "pk": 10, "fields": {"areas": "KR11740", "people": 683, "houses": 310, "buildings": 186933, "public": 4371, "total_cost": 191304}}, {"model": "safehome.flood", "pk": 11, "fields": {"areas": "KR11290", "people": 75, "houses": 36, "buildings": 23267, "public": 162357, "total_cost": 185623}}, {"model": "safehome.flood", "pk": 12, "fields": {"areas": "KR11530", "people": 544, "houses": 245, "buildings": 146867, "public": 0, "total_cost": 146867}}, {"model": "safehome.flood", "pk": 13, "fields": {"areas": "KR11380", "people": 246, "houses": 175, "buildings": 127700, "public": 0, "total_cost": 127700}}, {"model": "safehome.flood", "pk": 14, "fields": {"areas": "KR11215", "people": 415, "houses": 167, "buildings": 100467, "public": 26750, "total_cost": 127216}}, {"model": "safehome.flood", "pk": 15, "fields": {"areas": "KR11560", "people": 276, "houses": 139, "buildings": 83400, "public": 20000, "total_cost": 103400}}, {"model": "safehome.flood", "pk": 16, "fields": {"areas": "KR11545", "people": 334, "houses": 170, "buildings": 102067, "public": 0, "total_cost": 102067}}, {"model": "safehome.flood", "pk": 17, "fields": {"areas": "KR11305", "people": 143, "houses": 59, "buildings": 39500, "public": 54350, "total_cost": 93850}}, {"model": "safehome.flood", "pk": 18, "fields": {"areas": "KR11440", "people": 210, "houses": 99, "buildings": 59433, "public": 0, "total_cost": 59433}}, {"model": "safehome.flood", "pk": 19, "fields": {"areas": "KR11350", "people": 3, "houses": 10, "buildings": 8433, "public": 36903, "total_cost": 45336}}, {"model": "safehome.flood", "pk": 20, "fields": {"areas": "KR11320", "people": 4, "houses": 28, "buildings": 25067, "public": 12838, "total_cost": 37905}}, {"model": "safehome.flood", "pk": 21, "fields": {"areas": "KR11200", "people": 64, "houses": 37, "buildings": 22633, "public": 14967, "total_cost": 37601}}, {"model": "safehome.flood", "pk": 22, "fields": {"areas": "KR11260", "people": 79, "houses": 36, "buildings": 21667, "public": 10530, "total_cost": 32197}}, {"model": "safehome.flood", "pk": 23, "fields": {"areas": "KR11230", "people": 89, "houses": 45, "buildings": 27800, "public": 0, "total_cost": 27800}}, {"model": "safehome.flood", "pk": 24, "fields": {"areas": "KR11110", "people": 24, "houses": 10, "buildings": 6067, "public": 5871, "total_cost": 11938}}, {"model": "safehome.flood", "pk": 25, "fields": {"areas": "KR11140", "people": 12, "houses": 5, "buildings": 3000, "public": 0, "total_cost": 3000}}, {"model": "safehome.house", "pk": 1, "fields": {"areas": "KR11680", "price": 5268}}, {"model": "safehome.house", "pk": 2, "fields": {"areas": "KR11650", "price": 4341}}, {"model": "safehome.house", "pk": 3, "fields": {"areas": "KR11170", "price": 3963}}, {"model": "safehome.house", "pk": 4, "fields": {"areas": "KR11710", "price": 3750}}, {"model": "safehome.house", "pk": 5, "fields": {"areas": "KR11200", "price": 3741}}, {"model": "safehome.house", "pk": 6, "fields": {"areas": "KR11440", "price": 3248}}, {"model": "safehome.house", "pk": 7, "fields": {"areas": "KR11140", "price": 3157}}, {"model": "safehome.house", "pk": 8, "fields": {"areas": "KR11560", "price": 2982}}, {"model": "safehome.house", "pk": 9, "fields": {"areas": "KR11590", "price": 2872}}, {"model": "safehome.house", "pk": 10, "fields": {"areas": "KR11740", "price": 2746}}, {"model": "safehome.house", "pk": 11, "fields": {"areas": "KR11110", "price": 2493}}, {"model": "safehome.house", "pk": 12, "fields": {"areas": "KR11215", "price": 2486}}, {"model": "safehome.house", "pk": 13, "fields": {"areas": "KR11410", "price": 2483}}, {"model": "safehome.house", "pk": 14, "fields": {"areas": "KR11230", "price": 2459}}, {"model": "safehome.house", "pk": 15, "fields": {"areas": "KR11470", "price": 2458}}, {"model": "safehome.house", "pk": 16, "fields": {"areas": "KR11350", "price": 2314}}, {"model": "safehome.house", "pk": 17, "fields": {"areas": "KR11290", "price": 2308}}, {"model": "safehome.house", "pk": 18, "fields": {"areas": "KR11500", "price": 2204}}, {"model": "safehome.house", "pk": 19, "fields": {"areas": "KR11620", "price": 2107}}, {"model": "safehome.house", "pk": 20, "fields": {"areas": "KR11380", "price": 2051}}, {"model": "safehome.house", "pk": 21, "fields": {"areas": "KR11530", "price": 2032}}, {"model": "safehome.house", "pk": 22, "fields": {"areas": "KR11260", "price": 1850}}, {"model": "safehome.house", "pk": 23, "fields": {"areas": "KR11545", "price": 1780}}, {"model": "safehome.house", "pk": 24, "fields": {"areas": "KR11320", "price": 1740}}, {"model": "safehome.house", "pk": 25, "fields": {"areas": "KR11305", "price": 1725}}, {"model": "safehome.population", "pk": 1, "fields": {"areas": "KR11110", "household": 74151, "total_male": 78271, "total_female": 83713, "total_total": 161984, "kor_male": 73704, "kor_female": 77513, "kor_total": 151217, "for_male": 4567, "for_female": 6200, "for_total": 10767}}, {"model": "safehome.population", "pk": 2, "fields": {"areas": "KR11140", "household": 63045, "total_male": 66769, "total_female": 69700, "total_total": 136469, "kor_male": 61839, "kor_female": 64336, "kor_total": 126175, "for_male": 4930, "for_female": 5364, "for_total": 10294}}, {"model": "safehome.population", "pk": 3, "fields": {"areas": "KR11170", "household": 110895, "total_male": 119961, "total_female": 126204, "total_total": 246165, "kor_male": 110667, "kor_female": 118912, "kor_total": 229579, "for_male": 9294, "for_female": 7292, "for_total": 16586}}, {"model": "safehome.population", "pk": 4, "fields": {"areas": "KR11200", "household": 135643, "total_male": 149891, "total_female": 157302, "total_total": 307193, "kor_male": 146300, "kor_female": 152742, "kor_total": 299042, "for_male": 3591, "for_female": 4560, "for_total": 8151}}, {"model": "safehome.population", "pk": 5, "fields": {"areas": "KR11215", "household": 165287, "total_male": 176226, "total_female": 189764, "total_total": 365990, "kor_male": 169568, "kor_female": 180849, "kor_total": 350417, "for_male": 6658, "for_female": 8915, "for_total": 15573}}, {"model": "safehome.population", "pk": 6, "fields": {"areas": "KR11230", "household": 165279, "total_male": 178202, "total_female": 184591, "total_total": 362793, "kor_male": 171896, "kor_female": 174260, "kor_total": 346156, "for_male": 6306, "for_female": 10331, "for_total": 16637}}, {"model": "safehome.population", "pk": 7, "fields": {"areas": "KR11260", "household": 182220, "total_male": 198122, "total_female": 202556, "total_total": 400678, "kor_male": 196076, "kor_female": 199543, "kor_total": 395619, "for_male": 2046, "for_female": 3013, "for_total": 5059}}, {"model": "safehome.population", "pk": 8, "fields": {"areas": "KR11290", "household": 193801, "total_male": 218561, "total_female": 235971, "total_total": 454532, "kor_male": 213926, "kor_female": 228568, "kor_total": 442494, "for_male": 4635, "for_female": 7403, "for_total": 12038}}, {"model": "safehome.population", "pk": 9, "fields": {"areas": "KR11305", "household": 144805, "total_male": 154141, "total_female": 162609, "total_total": 316750, "kor_male": 152747, "kor_female": 160238, "kor_total": 312985, "for_male": 1394, "for_female": 2371, "for_total": 3765}}, {"model": "safehome.population", "pk": 10, "fields": {"areas": "KR11320", "household": 138595, "total_male": 162774, "total_female": 170721, "total_total": 333495, "kor_male": 161879, "kor_female": 169359, "kor_total": 331238, "for_male": 895, "for_female": 1362, "for_total": 2257}}, {"model": "safehome.population", "pk": 11, "fields": {"areas": "KR11350", "household": 217148, "total_male": 258696, "total_female": 276799, "total_total": 535495, "kor_male": 256726, "kor_female": 274311, "kor_total": 531037, "for_male": 1970, "for_female": 2488, "for_total": 4458}}, {"model": "safehome.population", "pk": 12, "fields": {"areas": "KR11380", "household": 208209, "total_male": 231953, "total_female": 250556, "total_total": 482509, "kor_male": 230147, "kor_female": 247872, "kor_total": 478019, "for_male": 1806, "for_female": 2684, "for_total": 4490}}, {"model": "safehome.population", "pk": 13, "fields": {"areas": "KR11410", "household": 142109, "total_male": 154502, "total_female": 171373, "total_total": 325875, "kor_male": 150051, "kor_female": 162591, "kor_total": 312642, "for_male": 4451, "for_female": 8782, "for_total": 13233}}, {"model": "safehome.population", "pk": 14, "fields": {"areas": "KR11440", "household": 176133, "total_male": 181204, "total_female": 204882, "total_total": 386086, "kor_male": 176943, "kor_female": 197627, "kor_total": 374570, "for_male": 4261, "for_female": 7255, "for_total": 11516}}, {"model": "safehome.population", "pk": 15, "fields": {"areas": "KR11470", "household": 177436, "total_male": 226109, "total_female": 234423, "total_total": 460532, "kor_male": 224241, "kor_female": 232098, "kor_total": 456339, "for_male": 1868, "for_female": 2325, "for_total": 4193}}, {"model": "safehome.population", "pk": 16, "fields": {"areas": "KR11500", "household": 263645, "total_male": 288134, "total_female": 307569, "total_total": 595703, "kor_male": 285085, "kor_female": 304217, "kor_total": 589302, "for_male": 3049, "for_female": 3352, "for_total": 6401}}, {"model": "safehome.population", "pk": 17, "fields": {"areas": "KR11530", "household": 177275, "total_male": 218970, "total_female": 219338, "total_total": 438308, "kor_male": 200558, "kor_female": 205279, "kor_total": 405837, "for_male": 18412, "for_female": 14059, "for_total": 32471}}, {"model": "safehome.population", "pk": 18, "fields": {"areas": "KR11545", "household": 111542, "total_male": 128643, "total_female": 122727, "total_total": 251370, "kor_male": 118044, "kor_female": 114539, "kor_total": 232583, "for_male": 10599, "for_female": 8188, "for_total": 18787}}, {"model": "safehome.population", "pk": 19, "fields": {"areas": "KR11560", "household": 177743, "total_male": 202617, "total_female": 202149, "total_total": 404766, "kor_male": 184316, "kor_female": 187587, "kor_total": 371903, "for_male": 18301, "for_female": 14562, "for_total": 32863}}, {"model": "safehome.population", "pk": 20, "fields": {"areas": "KR11590", "household": 181761, "total_male": 196943, "total_female": 210859, "total_total": 407802, "kor_male": 191272, "kor_female": 203742, "kor_total": 395014, "for_male": 5671, "for_female": 7117, "for_total": 12788}}, {"model": "safehome.population", "pk": 21, "fields": {"areas": "KR11620", "household": 270760, "total_male": 258982, "total_female": 257680, "total_total": 516662, "kor_male": 250743, "kor_female": 248631, "kor_total": 499374, "for_male": 8239, "for_female": 9049, "for_total": 17288}}, {"model": "safehome.population", "pk": 22, "fields": {"areas": "KR11650", "household": 173580, "total_male": 207877, "total_female": 226924, "total_total": 434801, "kor_male": 205787, "kor_female": 224781, "kor_total": 430568, "for_male": 2090, "for_female": 2143, "for_total": 4233}}, {"model": "safehome.population", "pk": 23, "fields": {"areas": "KR11680", "household": 233624, "total_male": 263163, "total_female": 286735, "total_total": 549898, "kor_male": 260654, "kor_female": 284150, "kor_total": 544804, "for_male": 2509, "for_female": 2585, "for_total": 5094}}, {"model": "safehome.population", "pk": 24, "fields": {"areas": "KR11710", "household": 279301, "total_male": 329058, "total_female": 351825, "total_total": 680883, "kor_male": 325859, "kor_female": 348236, "kor_total": 674095, "for_male": 3199, "for_female": 3589, "for_total": 6788}}, {"model": "safehome.population", "pk": 25, "fields": {"areas": "KR11740", "household": 190019, "total_male": 225226, "total_female": 231816, "total_total": 457042, "kor_male": 223189, "kor_female": 229457, "kor_total": 452646, "for_male": 2037, "for_female": 2359, "for_total": 4396}}, {"model": "safehome.total", "pk": 1, "fields": {"areas": "KR11680", "population": 549898, "flood_vic": 467, "crime_num": 40850, "crime_arr": 67.1, "fire_cost": 2645324, "child_car_num": 107, "alc_car_num": 293, "house_price": 5268}}, {"model": "safehome.total", "pk": 2, "fields": {"areas": "KR11740", "population": 457042, "flood_vic": 683, "crime_num": 23278, "crime_arr": 67.7, "fire_cost": 329917, "child_car_num": 69, "alc_car_num": 64, "house_price": 2746}}, {"model": "safehome.total", "pk": 3, "fields": {"areas": "KR11305", "population": 316750, "flood_vic": 143, "crime_num": 19346, "crime_arr": 76.5, "fire_cost": 593257, "child_car_num": 59, "alc_car_num": 60, "house_price": 1725}}, {"model": "safehome.total", "pk": 4, "fields": {"areas": "KR11500", "population": 595703, "flood_vic": 770, "crime_num": 26088, "crime_arr": 72.5, "fire_cost": 404432, "child_car_num": 90, "alc_car_num": 110, "house_price": 2204}}, {"model": "safehome.total", "pk": 5, "fields": {"areas": "KR11620", "population": 516662, "flood_vic": 1114, "crime_num": 29355, "crime_arr": 65.2, "fire_cost": 721101, "child_car_num": 37, "alc_car_num": 95, "house_price": 2107}}, {"model": "safehome.total", "pk": 6, "fields": {"areas": "KR11215", "population": 365990, "flood_vic": 415, "crime_num": 26060, "crime_arr": 63.8, "fire_cost": 584151, "child_car_num": 45, "alc_car_num": 62, "house_price": 2486}}, {"model": "safehome.total", "pk": 7, "fields": {"areas": "KR11530", "population": 438308, "flood_vic": 544, "crime_num": 26106, "crime_arr": 65, "fire_cost": 233909, "child_car_num": 81, "alc_car_num": 103, "house_price": 2032}}, {"model": "safehome.total", "pk": 8, "fields": {"areas": "KR11545", "population": 251370, "flood_vic": 334, "crime_num": 17826, "crime_arr": 73.6, "fire_cost": 542211, "child_car_num": 30, "alc_car_num": 76, "house_price": 1780}}, {"model": "safehome.total", "pk": 9, "fields": {"areas": "KR11350", "population": 535495, "flood_vic": 3, "crime_num": 23201, "crime_arr": 66.2, "fire_cost": 436980, "child_car_num": 74, "alc_car_num": 93, "house_price": 2314}}, {"model": "safehome.total", "pk": 10, "fields": {"areas": "KR11320", "population": 333495, "flood_vic": 4, "crime_num": 12474, "crime_arr": 73.3, "fire_cost": 644091, "child_car_num": 42, "alc_car_num": 35, "house_price": 1740}}, {"model": "safehome.total", "pk": 11, "fields": {"areas": "KR11230", "population": 362793, "flood_vic": 89, "crime_num": 21525, "crime_arr": 74.1, "fire_cost": 486322, "child_car_num": 41, "alc_car_num": 63, "house_price": 2459}}, {"model": "safehome.total", "pk": 12, "fields": {"areas": "KR11590", "population": 407802, "flood_vic": 620, "crime_num": 17600, "crime_arr": 63.6, "fire_cost": 134842, "child_car_num": 57, "alc_car_num": 67, "house_price": 2872}}, {"model": "safehome.total", "pk": 13, "fields": {"areas": "KR11440", "population": 386086, "flood_vic": 210, "crime_num": 27917, "crime_arr": 62.9, "fire_cost": 310170, "child_car_num": 45, "alc_car_num": 118, "house_price": 3248}}, {"model": "safehome.total", "pk": 14, "fields": {"areas": "KR11410", "population": 325875, "flood_vic": 108, "crime_num": 17803, "crime_arr": 67.6, "fire_cost": 186457, "child_car_num": 43, "alc_car_num": 35, "house_price": 2483}}, {"model": "safehome.total", "pk": 15, "fields": {"areas": "KR11650", "population": 434801, "flood_vic": 1007, "crime_num": 25425, "crime_arr": 64.6, "fire_cost": 1368008, "child_car_num": 69, "alc_car_num": 152, "house_price": 4341}}, {"model": "safehome.total", "pk": 16, "fields": {"areas": "KR11200", "population": 307193, "flood_vic": 64, "crime_num": 15190, "crime_arr": 68.3, "fire_cost": 399265, "child_car_num": 45, "alc_car_num": 61, "house_price": 3741}}, {"model": "safehome.total", "pk": 17, "fields": {"areas": "KR11290", "population": 454532, "flood_vic": 75, "crime_num": 18980, "crime_arr": 69.5, "fire_cost": 463343, "child_car_num": 59, "alc_car_num": 62, "house_price": 2308}}, {"model": "safehome.total", "pk": 18, "fields": {"areas": "KR11710", "population": 680883, "flood_vic": 306, "crime_num": 32255, "crime_arr": 62.2, "fire_cost": 563905, "child_car_num": 136, "alc_car_num": 161, "house_price": 3750}}, {"model": "safehome.total", "pk": 19, "fields": {"areas": "KR11470", "population": 460532, "flood_vic": 895, "crime_num": 20679, "crime_arr": 64.7, "fire_cost": 197790, "child_car_num": 81, "alc_car_num": 64, "house_price": 2458}}, {"model": "safehome.total", "pk": 20, "fields": {"areas": "KR11560", "population": 404766, "flood_vic": 276, "crime_num": 32001, "crime_arr": 63.6, "fire_cost": 801965, "child_car_num": 74, "alc_car_num": 114, "house_price": 2982}}, {"model": "safehome.total", "pk": 21, "fields": {"areas": "KR11170", "population": 246165, "flood_vic": 65, "crime_num": 19227, "crime_arr": 68.3, "fire_cost": 402794, "child_car_num": 27, "alc_car_num": 73, "house_price": 3963}}, {"model": "safehome.total", "pk": 22, "fields": {"areas": "KR11380", "population": 482509, "flood_vic": 246, "crime_num": 22150, "crime_arr": 71.9, "fire_cost": 404665, "child_car_num": 55, "alc_car_num": 77, "house_price": 2051}}, {"model": "safehome.total", "pk": 23, "fields": {"areas": "KR11110", "population": 161984, "flood_vic": 24, "crime_num": 21932, "crime_arr": 98.9, "fire_cost": 566923, "child_car_num": 20, "alc_car_num": 48, "house_price": 2493}}, {"model": "safehome.total", "pk": 24, "fields": {"areas": "KR11140", "population": 136469, "flood_vic": 12, "crime_num": 22983, "crime_arr": 64.1, "fire_cost": 570265, "child_car_num": 24, "alc_car_num": 30, "house_price": 3157}}, {"model": "safehome.total", "pk": 25, "fields": {"areas": "KR11260", "population": 400678, "flood_vic": 79, "crime_num": 24446, "crime_arr": 70.4, "fire_cost": 345185, "child_car_num": 65, "alc_car_num": 74, "house_price": 1850}}, {"model": "safehome.total_rate", "pk": 1, "fields": {"areas": "KR11680", "population_rate": 81, "population": 549898, "flood_vic_rate": 42, "flood_vic": 467, "crime_num_rate": 100, "crime_num": 40850, "crime_arr": 67, "fire_cost_rate": 100, "fire_cost": 2645324, "child_car_rate": 79, "child_car_num": 107, "alc_car_rate": 100, "alc_car_num": 293, "house_price_rate": 100, "house_price": 5268}}, {"model": "safehome.total_rate", "pk": 2, "fields": {"areas": "KR11740", "population_rate": 67, "population": 457042, "flood_vic_rate": 61, "flood_vic": 683, "crime_num_rate": 57, "crime_num": 23278, "crime_arr": 68, "fire_cost_rate": 12, "fire_cost": 329917, "child_car_rate": 51, "child_car_num": 69, "alc_car_rate": 22, "alc_car_num": 64, "house_price_rate": 52, "house_price": 2746}}, {"model": "safehome.total_rate", "pk": 3, "fields": {"areas": "KR11305", "population_rate": 47, "population": 316750, "flood_vic_rate": 13, "flood_vic": 143, "crime_num_rate": 47, "crime_num": 19346, "crime_arr": 77, "fire_cost_rate": 22, "fire_cost": 593257, "child_car_rate": 43, "child_car_num": 59, "alc_car_rate": 20, "alc_car_num": 60, "house_price_rate": 33, "house_price": 1725}}, {"model": "safehome.total_rate", "pk": 4, "fields": {"areas": "KR11500", "population_rate": 87, "population": 595703, "flood_vic_rate": 69, "flood_vic": 770, "crime_num_rate": 64, "crime_num": 26088, "crime_arr": 73, "fire_cost_rate": 15, "fire_cost": 404432, "child_car_rate": 66, "child_car_num": 90, "alc_car_rate": 38, "alc_car_num": 110, "house_price_rate": 42, "house_price": 2204}}, {"model": "safehome.total_rate", "pk": 5, "fields": {"areas": "KR11620", "population_rate": 76, "population": 516662, "flood_vic_rate": 100, "flood_vic": 1114, "crime_num_rate": 72, "crime_num": 29355, "crime_arr": 65, "fire_cost_rate": 27, "fire_cost": 721101, "child_car_rate": 27, "child_car_num": 37, "alc_car_rate": 32, "alc_car_num": 95, "house_price_rate": 40, "house_price": 2107}}, {"model": "safehome.total_rate", "pk": 6, "fields": {"areas": "KR11215", "population_rate": 54, "population": 365990, "flood_vic_rate": 37, "flood_vic": 415, "crime_num_rate": 64, "crime_num": 26060, "crime_arr": 64, "fire_cost_rate": 22, "fire_cost": 584151, "child_car_rate": 33, "child_car_num": 45, "alc_car_rate": 21, "alc_car_num": 62, "house_price_rate": 47, "house_price": 2486}}, {"model": "safehome.total_rate", "pk": 7, "fields": {"areas": "KR11530", "population_rate": 64, "population": 438308, "flood_vic_rate": 49, "flood_vic": 544, "crime_num_rate": 64, "crime_num": 26106, "crime_arr": 65, "fire_cost_rate": 9, "fire_cost": 233909, "child_car_rate": 60, "child_car_num": 81, "alc_car_rate": 35, "alc_car_num": 103, "house_price_rate": 39, "house_price": 2032}}, {"model": "safehome.total_rate", "pk": 8, "fields": {"areas": "KR11545", "population_rate": 37, "population": 251370, "flood_vic_rate": 30, "flood_vic": 334, "crime_num_rate": 44, "crime_num": 17826, "crime_arr": 74, "fire_cost_rate": 20, "fire_cost": 542211, "child_car_rate": 22, "child_car_num": 30, "alc_car_rate": 26, "alc_car_num": 76, "house_price_rate": 34, "house_price": 1780}}, {"model": "safehome.total_rate", "pk": 9, "fields": {"areas": "KR11350", "population_rate": 79, "population": 535495, "flood_vic_rate": 0, "flood_vic": 3, "crime_num_rate": 57, "crime_num": 23201, "crime_arr": 66, "fire_cost_rate": 17, "fire_cost": 436980, "child_car_rate": 54, "child_car_num": 74, "alc_car_rate": 32, "alc_car_num": 93, "house_price_rate": 44, "house_price": 2314}}, {"model": "safehome.total_rate", "pk": 10, "fields": {"areas": "KR11320", "population_rate": 49, "population": 333495, "flood_vic_rate": 0, "flood_vic": 4, "crime_num_rate": 31, "crime_num": 12474, "crime_arr": 73, "fire_cost_rate": 24, "fire_cost": 644091, "child_car_rate": 31, "child_car_num": 42, "alc_car_rate": 12, "alc_car_num": 35, "house_price_rate": 33, "house_price": 1740}}, {"model": "safehome.total_rate", "pk": 11, "fields": {"areas": "KR11230", "population_rate": 53, "population": 362793, "flood_vic_rate": 8, "flood_vic": 89, "crime_num_rate": 53, "crime_num": 21525, "crime_arr": 74, "fire_cost_rate": 18, "fire_cost": 486322, "child_car_rate": 30, "child_car_num": 41, "alc_car_rate": 22, "alc_car_num": 63, "house_price_rate": 47, "house_price": 2459}}, {"model": "safehome.total_rate", "pk": 12, "fields": {"areas": "KR11590", "population_rate": 60, "population": 407802, "flood_vic_rate": 56, "flood_vic": 620, "crime_num_rate": 43, "crime_num": 17600, "crime_arr": 64, "fire_cost_rate": 5, "fire_cost": 134842, "child_car_rate": 42, "child_car_num": 57, "alc_car_rate": 23, "alc_car_num": 67, "house_price_rate": 55, "house_price": 2872}}, {"model": "safehome.total_rate", "pk": 13, "fields": {"areas": "KR11440", "population_rate": 57, "population": 386086, "flood_vic_rate": 19, "flood_vic": 210, "crime_num_rate": 68, "crime_num": 27917, "crime_arr": 63, "fire_cost_rate": 12, "fire_cost": 310170, "child_car_rate": 33, "child_car_num": 45, "alc_car_rate": 40, "alc_car_num": 118, "house_price_rate": 62, "house_price": 3248}}, {"model": "safehome.total_rate", "pk": 14, "fields": {"areas": "KR11410", "population_rate": 48, "population": 325875, "flood_vic_rate": 10, "flood_vic": 108, "crime_num_rate": 44, "crime_num": 17803, "crime_arr": 68, "fire_cost_rate": 7, "fire_cost": 186457, "child_car_rate": 32, "child_car_num": 43, "alc_car_rate": 12, "alc_car_num": 35, "house_price_rate": 47, "house_price": 2483}}, {"model": "safehome.total_rate", "pk": 15, "fields": {"areas": "KR11650", "population_rate": 64, "population": 434801, "flood_vic_rate": 90, "flood_vic": 1007, "crime_num_rate": 62, "crime_num": 25425, "crime_arr": 65, "fire_cost_rate": 52, "fire_cost": 1368008, "child_car_rate": 51, "child_car_num": 69, "alc_car_rate": 52, "alc_car_num": 152, "house_price_rate": 82, "house_price": 4341}}, {"model": "safehome.total_rate", "pk": 16, "fields": {"areas": "KR11200", "population_rate": 45, "population": 307193, "flood_vic_rate": 6, "flood_vic": 64, "crime_num_rate": 37, "crime_num": 15190, "crime_arr": 68, "fire_cost_rate": 15, "fire_cost": 399265, "child_car_rate": 33, "child_car_num": 45, "alc_car_rate": 21, "alc_car_num": 61, "house_price_rate": 71, "house_price": 3741}}, {"model": "safehome.total_rate", "pk": 17, "fields": {"areas": "KR11290", "population_rate": 67, "population": 454532, "flood_vic_rate": 7, "flood_vic": 75, "crime_num_rate": 46, "crime_num": 18980, "crime_arr": 70, "fire_cost_rate": 18, "fire_cost": 463343, "child_car_rate": 43, "child_car_num": 59, "alc_car_rate": 21, "alc_car_num": 62, "house_price_rate": 44, "house_price": 2308}}, {"model": "safehome.total_rate", "pk": 18, "fields": {"areas": "KR11710", "population_rate": 100, "population": 680883, "flood_vic_rate": 27, "flood_vic": 306, "crime_num_rate": 79, "crime_num": 32255, "crime_arr": 62, "fire_cost_rate": 21, "fire_cost": 563905, "child_car_rate": 100, "child_car_num": 136, "alc_car_rate": 55, "alc_car_num": 161, "house_price_rate": 71, "house_price": 3750}}, {"model": "safehome.total_rate", "pk": 19, "fields": {"areas": "KR11470", "population_rate": 68, "population": 460532, "flood_vic_rate": 80, "flood_vic": 895, "crime_num_rate": 51, "crime_num": 20679, "crime_arr": 65, "fire_cost_rate": 7, "fire_cost": 197790, "child_car_rate": 60, "child_car_num": 81, "alc_car_rate": 22, "alc_car_num": 64, "house_price_rate": 47, "house_price": 2458}}, {"model": "safehome.total_rate", "pk": 20, "fields": {"areas": "KR11560", "population_rate": 59, "population": 404766, "flood_vic_rate": 25, "flood_vic": 276, "crime_num_rate": 78, "crime_num": 32001, "crime_arr": 64, "fire_cost_rate": 30, "fire_cost": 801965, "child_car_rate": 54, "child_car_num": 74, "alc_car_rate": 39, "alc_car_num": 114, "house_price_rate": 57, "house_price": 2982}}, {"model": "safehome.total_rate", "pk": 21, "fields": {"areas": "KR11170", "population_rate": 36, "population": 246165, "flood_vic_rate": 6, "flood_vic": 65, "crime_num_rate": 47, "crime_num": 19227, "crime_arr": 68, "fire_cost_rate": 15, "fire_cost": 402794, "child_car_rate": 20, "child_car_num": 27, "alc_car_rate": 25, "alc_car_num": 73, "house_price_rate": 75, "house_price": 3963}}, {"model": "safehome.total_rate", "pk": 22, "fields": {"areas": "KR11380", "population_rate": 71, "population": 482509, "flood_vic_rate": 22, "flood_vic": 246, "crime_num_rate": 54, "crime_num": 22150, "crime_arr": 72, "fire_cost_rate": 15, "fire_cost": 404665, "child_car_rate": 40, "child_car_num": 55, "alc_car_rate": 26, "alc_car_num": 77, "house_price_rate": 39, "house_price": 2051}}, {"model": "safehome.total_rate", "pk": 23, "fields": {"areas": "KR11110", "population_rate": 24, "population": 161984, "flood_vic_rate": 2, "flood_vic": 24, "crime_num_rate": 54, "crime_num": 21932, "crime_arr": 99, "fire_cost_rate": 21, "fire_cost": 566923, "child_car_rate": 15, "child_car_num": 20, "alc_car_rate": 16, "alc_car_num": 48, "house_price_rate": 47, "house_price": 2493}}, {"model": "safehome.total_rate", "pk": 24, "fields": {"areas": "KR11140", "population_rate": 20, "population": 136469, "flood_vic_rate": 1, "flood_vic": 12, "crime_num_rate": 56, "crime_num": 22983, "crime_arr": 64, "fire_cost_rate": 22, "fire_cost": 570265, "child_car_rate": 18, "child_car_num": 24, "alc_car_rate": 10, "alc_car_num": 30, "house_price_rate": 60, "house_price": 3157}}, {"model": "safehome.total_rate", "pk": 25, "fields": {"areas": "KR11260", "population_rate": 59, "population": 400678, "flood_vic_rate": 7, "flood_vic": 79, "crime_num_rate": 60, "crime_num": 24446, "crime_arr": 70, "fire_cost_rate": 13, "fire_cost": 345185, "child_car_rate": 48, "child_car_num": 65, "alc_car_rate": 25, "alc_car_num": 74, "house_price_rate": 35, "house_price": 1850}}, {"model": "safehome.svgd", "pk": "#186b61", "fields": {"colour": "M 554 245 l 2 10 -2 5 -3 6 2 9 1 6 3 9 3 6 2 3 1 11 3 5 -4 9 -4 5 -3 8 -4 0 -15 -3 -2 0 -6 -5 -4 -4 -6 -6 -7 -4 -4 -2 -6 0 -2 1 -5 2 -11 1 -6 -1 0 -8 -2 -6 6 -4 6 -5 4 -6 3 -4 4 -5 2 -3 6 -8 4 -2 8 -3 4 -5 7 -1 7 -2 4 -6 7 -2 z", "location": "KR11230"}}, {"model": "safehome.svgd", "pk": "#1b949c", "fields": {"colour": "M 263 289 l 12 9 9 8 7 5 5 5 8 4 4 2 6 2 6 3 2 10 7 6 10 4 7 -2 11 -1 10 -1 8 0 3 -3 0 1 2 2 -1 4 0 7 2 3 0 3 -6 5 -3 6 -2 5 -5 6 -5 4 -4 1 -5 2 -7 -4 -5 -4 -5 -3 -5 -2 -4 1 -4 2 -6 -4 -11 0 -12 0 -5 -2 -6 -7 -6 -6 -8 -4 -8 -4 -5 -4 -5 -3 -11 -7 -8 -5 -4 -2 -6 -4 -4 -4 -4 -3 -6 -6 -1 -3 8 -4 4 -2 4 -2 10 -2 10 -2 3 -2 0 -1 -1 -6 0 -5 4 -5 5 -4 4 5 6 6 z", "location": "KR11440"}}, {"model": "safehome.svgd", "pk": "#4e9ad2", "fields": {"colour": "M 455 297 l -3 -2 -1 -3 -5 -10 -3 -4 -4 -4 -10 0 -9 -1 -5 -4 -5 -3 -6 -4 1 -5 6 -4 6 -3 1 -5 0 -7 0 -9 -3 -5 -1 -6 -3 -10 -3 -8 -4 -1 -3 -6 9 -5 4 -3 4 1 5 4 6 4 3 2 4 5 5 5 7 3 5 2 -1 3 0 0 0 2 1 3 5 6 9 3 4 3 5 3 8 -1 6 4 9 -4 4 -6 4 -4 4 -4 4 -6 4 -3 5 4 4 5 5 5 5 4 9 0 9 -2 -2 11 0 8 -7 1 -7 2 -4 6 -7 2 -7 1 -4 5 -8 3 -4 2 -6 8 -2 3 -4 5 -3 4 -4 6 -6 5 -6 4 -7 -3 -4 -5 -3 1 -1 0 -1 0 z", "location": "KR11290"}}, {"model": "safehome.svgd", "pk": "#52b2d7", "fields": {"colour": "M 460 413 l 1 0 2 -3 6 9 1 6 0 1 3 9 5 15 5 13 6 17 7 10 6 -1 5 5 1 3 4 9 7 13 3 5 6 -2 4 0 6 -1 9 -2 8 -4 5 -3 2 -2 11 0 4 8 2 3 5 6 2 7 4 4 1 7 -5 8 -6 10 0 6 -6 4 -4 4 -5 0 -4 -1 -4 0 -2 6 -2 8 -1 4 -1 2 1 3 -4 0 -10 2 -9 0 -8 0 -7 -4 -4 -6 -5 -5 -4 -2 -5 -4 1 -5 2 -4 -1 -8 0 -5 -2 -4 2 -5 0 -1 -3 -4 -2 -9 -2 -6 -5 0 -2 7 -3 6 -6 4 -8 2 -4 1 -2 0 -6 -3 -3 -3 0 0 -1 -2 -3 -6 -2 -8 -8 -2 -5 3 1 3 0 1 -4 4 -6 3 -4 3 -1 -5 0 -11 -3 -4 -4 -6 -2 -8 0 -9 0 -8 1 -11 0 -6 2 -11 -2 -8 -4 -5 0 0 3 -4 7 -3 5 -8 8 -8 5 -3 5 -4 5 -5 5 -4 3 -4 z", "location": "KR11650"}}, {"model": "safehome.svgd", "pk": "#555a54", "fields": {"colour": "M 621 218 l 5 3 1 6 0 10 2 8 -3 8 -3 5 0 3 3 4 -1 6 -4 2 -5 9 0 5 -4 6 -4 3 -4 5 -3 10 -4 2 -4 3 -9 3 -11 -3 -7 -1 -3 -5 -1 -11 -2 -3 -3 -6 -3 -9 -1 -6 -2 -9 3 -6 2 -5 -2 -10 0 -8 2 -11 6 -3 4 -1 9 -4 9 1 10 1 6 -2 9 -1 z", "location": "KR11260"}}, {"model": "safehome.svgd", "pk": "#808a93", "fields": {"colour": "M 455 297 l 4 -2 1 0 1 0 3 -1 4 5 7 3 2 6 0 8 -11 2 -11 1 -8 0 -9 1 -8 1 -9 1 -9 -2 -10 -1 -9 1 -4 3 -2 3 -6 -6 -3 -4 -5 -6 -4 -5 -2 -5 5 -3 0 -6 0 -10 0 -9 1 -9 -3 -4 -2 0 -2 0 -1 -4 0 -9 -5 -9 1 -10 -1 -11 -1 -6 2 -6 5 -2 7 -3 10 -2 2 -1 3 0 1 0 4 -2 8 -1 3 6 4 1 3 8 3 10 1 6 3 5 0 9 0 7 -1 5 -6 3 -6 4 -1 5 6 4 5 3 5 4 9 1 10 0 4 4 3 4 5 10 1 3 z", "location": "KR11110"}}, {"model": "safehome.svgd", "pk": "#875b21", "fields": {"colour": "M 245 419 l 6 7 4 4 5 2 4 4 4 9 -1 9 2 9 1 6 1 5 3 7 5 5 4 3 -3 5 -4 5 -10 1 -7 -3 -4 -5 -5 -4 -5 -3 -2 0 -2 1 -3 -5 -4 -2 3 -2 0 -1 -3 0 -3 2 -1 -5 -2 -6 -2 1 -1 1 1 1 -4 4 -5 3 -4 5 -4 4 -6 6 -9 2 -2 4 -1 10 -6 0 -8 -1 -5 -4 -4 0 -4 2 -9 0 -5 1 -8 1 2 -4 4 -5 2 -8 2 -5 3 -4 -2 -5 -3 -1 -8 -5 -1 -7 6 -3 4 -6 2 -4 2 -6 5 -6 4 2 4 4 4 5 3 1 5 -1 4 -3 7 -3 4 -4 8 -2 8 1 4 5 6 2 10 2 4 2 1 1 2 -6 1 -8 4 -6 2 -7 z", "location": "KR11530"}}, {"model": "safehome.svgd", "pk": "#9acbd1", "fields": {"colour": "M 367 426 l 6 3 5 3 6 5 6 3 3 1 10 4 7 1 -3 4 0 0 4 5 2 8 -2 11 0 6 -1 11 0 8 0 9 -5 -2 -14 0 -3 -2 -5 -4 -6 -10 0 -11 -2 -6 -7 3 -3 1 -2 -2 -7 -3 -9 1 -7 0 -11 -2 -6 -1 -6 7 -6 1 -10 4 -4 3 -2 1 -12 3 4 -6 3 -5 4 -5 4 -7 3 -1 9 -2 2 -8 3 -10 2 -3 3 -8 2 -5 8 -2 9 -1 8 -1 11 -2 z", "location": "KR11590"}}, {"model": "safehome.svgd", "pk": "#a09136", "fields": {"colour": "M 619 183 l 1 7 -3 7 -6 5 -3 7 1 8 -9 1 -6 2 -10 -1 -9 -1 -9 4 -4 1 -6 3 -9 2 -9 0 -5 -4 -5 -5 -4 -5 -5 -4 -3 -6 -7 -6 1 -7 4 -9 1 -6 5 -5 2 -3 2 3 3 4 2 -13 -2 -7 -1 -9 -3 -10 -2 -9 -3 -9 0 -8 4 -12 1 -5 0 -9 6 -4 5 -2 4 -4 4 -6 6 0 3 1 4 0 5 -1 4 -2 7 -1 5 8 5 5 5 0 3 -1 5 4 -3 10 -2 7 -1 2 1 3 3 7 2 8 -2 11 -2 5 -3 4 0 4 2 6 1 6 0 10 3 5 7 0 5 -2 5 0 4 4 4 3 z", "location": "KR11350"}}, {"model": "safehome.svgd", "pk": "#a0c8dc", "fields": {"colour": "M 365 255 l 1 4 2 0 2 0 3 4 -1 9 0 9 0 10 0 6 -5 3 2 5 4 5 5 6 3 4 6 6 2 5 1 2 -6 4 -6 3 -3 3 -8 0 -10 1 -11 1 -7 2 -10 -4 -7 -6 -2 -10 -6 -3 -6 -2 -4 -2 -8 -4 -5 -5 -7 -5 1 -5 5 -5 4 -5 4 -5 3 -2 3 2 1 0 0 3 8 1 3 -4 5 -4 3 -7 3 -5 4 -4 9 -4 5 -2 0 -7 4 -7 4 -3 7 -6 5 9 z", "location": "KR11410"}}, {"model": "safehome.svgd", "pk": "#a74e5f", "fields": {"colour": "M 240 363 l 8 -1 5 5 2 5 4 8 4 9 -2 3 2 2 0 2 -8 3 -5 4 -3 4 -2 12 0 4 -2 7 -4 6 -1 8 -2 6 -1 -1 -4 -2 -10 -2 -6 -2 -4 -5 -8 -1 -8 2 -4 4 -7 3 -4 3 -5 1 -3 -1 -4 -5 -4 -4 -4 -2 -3 -12 2 -9 1 -7 4 -5 0 -4 -4 -4 -4 -6 -2 -11 4 -7 3 -7 5 -2 1 6 5 5 2 6 3 9 3 7 3 4 12 1 7 -2 11 -1 7 -2 1 -8 0 -7 -1 -9 0 -10 2 -8 5 2 5 4 z", "location": "KR11470"}}, {"model": "safehome.svgd", "pk": "#b7b6b1", "fields": {"colour": "M 477 316 l 0 9 5 5 -1 3 -4 5 -4 5 -5 4 -4 7 -3 4 -4 3 -4 10 -2 -1 -3 -7 -2 -5 -2 1 -1 0 -2 -1 -3 1 0 0 -3 1 -4 2 -5 -5 -6 -3 -10 -3 -4 -1 -3 -1 -2 2 -4 -1 -3 -1 -9 0 -2 2 -4 3 0 -7 1 -4 -2 -2 0 -1 6 -3 6 -4 -1 -2 -2 -5 2 -3 4 -3 9 -1 10 1 9 2 9 -1 8 -1 9 -1 8 0 11 -1 z", "location": "KR11140"}}, {"model": "safehome.svgd", "pk": "#b9a193", "fields": {"colour": "M 394 349 l 3 1 4 1 2 -2 3 1 4 1 10 3 6 3 5 5 4 -2 3 -1 0 0 3 -1 2 1 1 0 2 -1 2 5 3 7 2 1 5 9 6 2 2 9 -4 5 -4 5 -5 6 -3 4 -5 4 -5 5 -5 4 -5 3 -8 8 -5 8 -7 3 -7 -1 -10 -4 -3 -1 -6 -3 -6 -5 -5 -3 -6 -3 -9 -3 1 -5 0 -10 -2 -8 -6 -11 5 -2 4 -1 5 -4 5 -6 2 -5 3 -6 6 -5 0 -3 -2 -3 4 -3 2 -2 z", "location": "KR11170"}}, {"model": "safehome.svgd", "pk": "#b9aa90", "fields": {"colour": "M 368 148 l 3 2 1 3 2 11 2 9 2 8 3 5 0 5 -3 3 -5 5 -7 3 -5 2 -2 6 1 6 1 11 -1 10 -7 6 -4 3 -4 7 0 7 -5 2 -9 4 -4 4 -3 5 -3 7 -5 4 -3 4 -8 -1 0 -3 -1 0 -3 -2 -3 2 -4 5 -4 5 -5 5 -1 5 -9 -8 -12 -9 -1 -2 -6 -6 -4 -5 6 -9 1 2 -2 5 2 5 8 0 9 -1 3 -6 1 -4 2 -5 -1 -9 2 -8 -2 -10 2 -10 4 -7 3 -4 2 -6 2 -9 -1 -10 5 -4 0 -1 -1 -5 1 -4 1 -4 0 -5 -5 -3 -5 -5 0 -1 1 1 5 3 6 4 11 -1 10 -3 3 -3 4 -2 9 -4 4 -5 3 -5 5 -2 6 -2 3 4 z", "location": "KR11380"}}, {"model": "safehome.svgd", "pk": "#c2dbf0", "fields": {"colour": "M 511 315 l 7 4 6 6 4 4 6 5 2 0 15 3 4 0 -5 20 -3 5 -5 12 -3 7 -10 20 -7 -4 -5 -3 -4 -4 -10 -3 -10 0 -7 0 -12 0 -8 4 -2 -9 -6 -2 -5 -9 4 -10 4 -3 3 -4 4 -7 5 -4 4 -5 4 -5 1 -3 -5 -5 0 -9 6 1 11 -1 5 -2 2 -1 6 0 z", "location": "KR11200"}}, {"model": "safehome.svgd", "pk": "#c99ea2", "fields": {"colour": "M 249 345 l 5 3 5 4 8 4 8 4 6 6 6 7 5 2 12 0 11 0 6 4 4 -2 4 -1 5 2 5 3 5 4 7 4 6 11 2 8 0 10 -1 5 -11 2 -8 1 -9 1 -8 2 -2 5 -3 8 -2 3 -3 10 -2 8 -9 2 -3 1 -4 7 -4 5 -3 5 -4 6 -4 -3 -5 -5 -3 -7 -1 -5 -1 -6 -2 -9 1 -9 -4 -9 -4 -4 -5 -2 -4 -4 -6 -7 2 -12 3 -4 5 -4 8 -3 0 -2 -2 -2 2 -3 -4 -9 -4 -8 -2 -5 -5 -5 -3 -9 z", "location": "KR11560"}}, {"model": "safehome.svgd", "pk": "#d5861e", "fields": {"colour": "M 605 315 l 1 1 -1 4 -1 7 -2 9 3 6 4 4 3 -3 9 -1 3 3 -4 10 -2 10 -2 5 -2 4 -4 5 -5 5 -5 4 -11 12 -3 3 -3 2 -8 5 -6 3 -5 1 -5 -1 -5 -1 -6 -2 -12 -5 -7 -4 13 -27 5 -12 3 -5 5 -20 3 -8 4 -5 4 -9 7 1 11 3 9 -3 4 -3 4 -2 z", "location": "KR11215"}}, {"model": "safehome.svgd", "pk": "#d7c969", "fields": {"colour": "M 241 486 l 2 -1 2 0 5 3 5 4 4 5 7 3 10 -1 11 -1 6 1 3 10 -3 8 3 6 3 6 1 6 4 8 8 3 3 4 5 4 2 6 -7 7 -2 5 -3 6 -8 1 -5 4 -4 7 -9 -1 -4 -4 -3 -4 -2 -9 -3 -5 -2 -3 1 -3 -1 -3 -3 -4 -6 -3 -4 -6 -1 -9 -4 -4 -1 -4 2 -2 -2 -3 -3 -5 -4 -6 -2 -4 -4 -9 -3 -8 -1 -4 1 -2 z", "location": "KR11545"}}, {"model": "safehome.svgd", "pk": "#db5653", "fields": {"colour": "M 726 320 l 1 7 3 9 0 9 1 9 1 10 1 5 -1 -1 -5 -1 -3 0 -4 2 -11 0 -8 1 -5 6 -4 5 -4 6 -2 4 -1 8 -4 7 -3 2 1 1 -1 2 -6 7 -1 8 -5 -2 -5 -3 -3 -2 -8 -4 -5 -3 -8 -5 -5 -2 0 -7 1 -3 2 -5 0 -8 -4 -4 -4 -2 -6 -2 -7 0 2 -4 2 -5 2 -10 4 -10 1 -1 4 -6 7 -6 5 -3 6 -3 8 -3 4 -1 5 0 11 0 9 -4 7 -5 8 -6 11 -6 11 0 0 7 3 6 z", "location": "KR11740"}}, {"model": "safehome.svgd", "pk": "#dea3b2", "fields": {"colour": "M 621 374 l 6 2 4 2 4 4 0 8 -2 5 -1 3 0 7 5 2 8 5 5 3 8 4 3 2 5 3 5 2 -4 3 0 6 -3 10 4 5 5 3 10 0 9 3 5 5 -1 4 -2 7 -3 9 -4 3 -5 4 -5 5 -2 6 -3 7 -5 5 -10 0 -6 0 0 8 -4 5 -6 -2 -2 -1 -1 4 -4 -5 -3 -4 -5 -10 -2 -2 -4 -7 -3 -5 -3 -5 -3 -6 -5 -5 -5 -4 -6 -3 -5 -3 -5 -2 -12 -4 -3 -2 -6 -2 -7 -1 -6 -2 -1 -10 -1 -6 -1 -13 0 -4 0 -10 6 2 5 1 5 1 5 -1 6 -3 8 -5 3 -2 3 -3 11 -12 5 -4 5 -5 4 -5 z", "location": "KR11710"}}, {"model": "safehome.svgd", "pk": "#e1cda2", "fields": {"colour": "M 463 157 l -2 -4 0 -4 1 -5 2 -8 2 -9 2 -6 2 -4 -1 -2 -3 -5 -4 -7 -4 -5 -3 -7 -1 -9 0 -8 4 -11 8 -8 10 1 9 0 3 4 1 6 3 5 9 -1 4 -2 4 -1 4 4 5 0 5 13 0 9 -1 5 -4 12 0 8 3 9 2 9 3 10 1 9 2 7 -2 13 -3 -4 -2 -3 -2 3 -5 5 -1 6 -4 9 -1 7 -6 -6 -3 -7 -5 -4 -2 -6 -7 -6 -3 -3 -7 -5 -3 -2 -2 1 -3 0 z", "location": "KR11320"}}, {"model": "safehome.svgd", "pk": "#ec9376", "fields": {"colour": "M 503 387 l 10 3 4 4 5 3 7 4 7 4 12 5 0 10 0 4 1 13 1 6 1 10 6 2 7 1 6 2 3 2 12 4 5 2 5 3 6 3 5 4 5 5 3 6 3 5 3 5 4 7 2 2 5 10 3 4 4 5 -10 11 -2 6 -4 0 -3 -4 -9 -2 -4 0 0 2 -1 1 -3 3 -11 3 -1 -7 -4 -4 -2 -7 -5 -6 -2 -3 -4 -8 -11 0 -2 2 -5 3 -8 4 -9 2 -6 1 -4 0 -6 2 -3 -5 -7 -13 -4 -9 -1 -3 -5 -5 -6 1 -7 -10 -6 -17 -5 -13 -5 -15 -3 -9 0 -1 -1 -6 -6 -9 -2 3 -1 0 -7 -6 5 -6 4 -5 4 -5 8 -4 12 0 7 0 z", "location": "KR11680"}}, {"model": "safehome.svgd", "pk": "#f4a76c", "fields": {"colour": "M 448 87 l 2 0 1 0 0 0 4 4 3 7 4 5 4 7 3 5 1 2 -2 4 -2 6 -2 9 -2 8 -1 5 0 4 2 4 5 3 3 0 2 -1 3 2 7 5 3 3 7 6 2 6 5 4 3 7 6 6 7 6 3 6 -4 3 -4 6 -4 4 -4 4 -4 6 -9 4 -6 -4 -8 1 -5 -3 -4 -3 -9 -3 -4 -6 -2 -3 0 -2 0 0 1 -3 -5 -2 -7 -3 -5 -5 -4 -5 -3 -2 -6 -4 -5 -4 -4 -1 3 -4 0 -6 -3 -4 1 -3 2 -3 -2 -4 -3 -7 -4 -9 4 -1 7 -7 4 -8 6 -4 2 -5 0 -13 -1 -7 2 -5 6 -5 7 -2 z", "location": "KR11305"}}, {"model": "safehome.svgd", "pk": "#ffae00", "fields": {"colour": "M 323 470 l 6 1 11 2 7 0 9 -1 7 3 2 2 3 -1 7 -3 2 6 0 11 6 10 5 4 3 2 14 0 5 2 2 8 4 6 3 4 0 11 1 5 -9 4 -7 2 -3 1 -5 4 -5 7 -8 5 -2 7 -1 5 -5 2 -9 2 -9 1 -10 2 -4 2 -2 0 -3 -5 -2 -6 -5 -4 -5 -7 -4 -4 -2 -6 -5 -4 -3 -4 -8 -3 -4 -8 -1 -6 -3 -6 -3 -6 3 -8 -3 -10 -6 -1 -11 1 4 -5 3 -5 12 -3 2 -1 4 -3 10 -4 6 -1 z", "location": "KR11620"}}, {"model": "safehome.svgd", "pk": "#ffc767", "fields": {"colour": "M 134 254 l 3 3 6 4 4 4 4 6 4 3 6 4 5 4 6 4 5 3 4 4 6 5 3 2 6 5 9 6 1 3 6 6 4 3 4 4 6 4 4 2 8 5 11 7 -4 8 3 9 -8 1 -8 -2 -5 -4 -5 -2 -2 8 0 10 1 9 0 7 -1 8 -7 2 -11 1 -7 2 -12 -1 -3 -4 -3 -7 -3 -9 -2 -6 -5 -5 -1 -6 -5 2 -3 7 -10 2 -9 -1 -7 -4 -3 -2 0 1 -9 5 -2 5 -6 2 -2 -6 -4 -5 -5 -4 -7 -2 -9 -2 -7 -4 -4 1 -1 -2 -2 -2 1 -1 -3 -2 -2 -7 8 -4 2 -5 6 -2 -1 -5 -2 -5 0 -3 2 1 0 1 5 -3 3 -3 -1 -2 2 -1 1 -5 8 -4 1 -1 1 1 2 -5 2 -6 1 3 1 2 2 -9 2 -4 2 2 1 -4 5 -5 0 -6 -3 -5 -1 -6 0 -5 3 -4 4 -6 4 2 z", "location": "KR11500"}}, {"model": "newscrawl.newsdata", "pk": 1, "fields": {"title": "한은, 올해 성장률 -1.3%로 대폭 하향…'코로나 재확산' 반영(종합2보)", "link": "http://yna.kr/AKR20200827054951002?did=1195m", "contents": "기존 -0.2%에서 1.1%P 낮춰…외환위기 후 22년만의 역성장 예고 금통위 \"코로나 재확산 영향으로 국내 경제회복 예상보다 더딜 것\" 코로나 재확산에 3·4분기 경기 반등 실패하면 -2%대 추락 우려도 (서울=연합뉴스) 신호경..."}}, {"model": "newscrawl.newsdata", "pk": 2, "fields": {"title": "[종합] 코로나 재확산에 전자업계 비상…삼성전자, 재택근무 시범운영", "link": "http://www.inews24.com/view/1294105", "contents": "'코로나19' 재확산 여파로 대기업들이 속속 재택근무 체제에 돌입한 가운데 삼성전자도 이 같은 움직임에... 삼성전자가 이 같이 나선 것은 '코로나19' 확산세가 수그러들지 않고 있기 때문으로 풀이된다. 이날 국내..."}}, {"model": "newscrawl.newsdata", "pk": 3, "fields": {"title": "한은, 기준금리 0.5%로 동결…코로나 재확산에 통화완화 유지(종합)", "link": "http://yna.kr/AKR20200827051400002?did=1195m", "contents": "앞서 금통위는 신종 코로나바이러스 감염증(코로나19) 충격으로 경기 침체가 예상되자 지난 3월 16일 '빅컷'(1.25%→0.75%)과 5월 28일 추가 인하(0.75%→0.5%)를 통해 2개월 만에 0.75%포인트나 금리를 빠르게 내렸다. 하지만..."}}, {"model": "newscrawl.newsdata", "pk": 4, "fields": {"title": "코로나19 신규 확진 441명…신천지 이후 최대 규모", "link": "http://www.hani.co.kr/arti/society/society_general/959535.html", "contents": "27일 국내 코로나19 확진자가 전날보다 441명 늘었다. 일일 신규 확진자 수는 대구·경북을 중심으로... 중앙방역대책본부(방대본)는 이날 0시 기준으로 코로나19 신규 확진자가 441명 발생했다고 밝혔다. 신규..."}}, {"model": "newscrawl.newsdata", "pk": 5, "fields": {"title": "쿠팡 \"코로나19로 지출 5천억 추가 부담...감내하겠다”", "link": "https://zdnet.co.kr/view/?no=20200827111856", "contents": "“코로나19로 거래액은 늘었으나, 직원들의 안전과 고객과의 약속을 위해 지출 부담 또한 커졌다...손실 우려해 고객 경험 희생시키지 않겠다.” 쿠팡은 27일 사내 이메일을 통해 코로나19로 인한 손실에도 불구하고..."}}, {"model": "newscrawl.newsdata", "pk": 6, "fields": {"title": "성장률 1%P 넘게 내린 한은 \"코로나 재확산, 경기회복 더딜 것\"", "link": "https://biz.chosun.com/site/data/html_dir/2020/08/27/2020082701738.html?utm_source=naver&utm_medium=original&utm_campaign=biz", "contents": "소비와 투자, 고용 등의 개선 흐름이 미진한 가운데 신종 코로나 바이러스 감염증(코로나19)가 재확산됐기 때문이다. 한은은 이날 성장률 전망치를 기존 -0.2%에서 -1.3%로 대폭 하향 조정했다. 금통위는 이날 발표한 8월..."}}, {"model": "newscrawl.newsdata", "pk": 7, "fields": {"title": "이해찬·김태년, 코로나19 선별검사 대상으로 분류", "link": "https://news.imaeil.com/Politics/2020082712374023927", "contents": "더불어민주당 이해찬 대표와 김태년 원내대표가 코로나19 선별검사 대상으로 분류돼 27일 오후 검사를... 국회 코로나 상황실은 이날 오전 이 대표와 김 원내대표 등 민주당 최고위 참석자에게 공지 문자를 보내 선별검사..."}}, {"model": "newscrawl.newsdata", "pk": 8, "fields": {"title": "[속보] 코로나19 신규 확진자 중 '깜깜이 환자' 30% 넘었다", "link": "http://news.khan.co.kr/kh_news/khan_art_view.html?artid=202008271516001&code=940100", "contents": "방역당국이 26일 하루 동안 확인된 코로나19 신규 확진자 중 ‘깜깜이 환자’가 30%를 넘어섰다고 밝혔다.... 이제는 코로나19 환자가 될 수 있다”고 경고했다. 그는 “대면 접촉을 최대한 자제하는 현재의 2단계..."}}, {"model": "newscrawl.newsdata", "pk": 9, "fields": {"title": "[단독]코로나19 직격탄.. 한화그룹, 골든베이GC 내놨다", "link": "http://www.edaily.co.kr/news/newspath.asp?newsid=03407926625871584", "contents": "한화가 보유 골프장을 매각키로 한 것은 이번이 처음으로 코로나19(신종 코로나바이러스 감염증) 등으로 인한 영업손실 여파가 고스란히 반영된 것으로 풀이된다. ▲충남 태안에 있는 골든베이GC 클럽하우스 전경...."}}, {"model": "newscrawl.newsdata", "pk": 10, "fields": {"title": "최강창민 측 \"코로나19 확산 우려, 9월 결혼식 연기\" (공식)", "link": "https://www.ytn.co.kr/_sn/0117_202008270957174571", "contents": "그룹 동방신기 최강창민이 신종 코로나바이러스 감염증(코로나19) 여파로 결혼식을 연기한다. 27일 소속사 SM엔터테인먼트 관계자는 YTN star에 \"최강창민이 코로나 19 확산 우려로 인해, 9월 5일로 예정했던..."}}]